{"train loss": 0.9287713170051575, "lr": 0.000288, "epoch": 1, "_timestamp": 1725898723.932582, "_runtime": 1969.9179577827454, "_step": 56}