{"train loss": 0.4905754625797272, "lr": 0.000288, "epoch": 1, "_timestamp": 1725584813.7168343, "_runtime": 32726.53812932968, "_step": 938, "_wandb": {"runtime": 32728}, "test loss": 0.45461109698198404}