{"train loss": 3.9653990268707275, "lr": 0.000288, "epoch": 1, "_timestamp": 1725878808.8135974, "_runtime": 534.932879447937, "_step": 9}