{"train loss": 1.424517273902893, "lr": 0.000288, "epoch": 1, "_timestamp": 1726230496.8400817, "_runtime": 20.266332626342773, "_step": 28}